,0,1
0,0.06652519314084201,0.05718632182106376
1,0.061876572854816916,0.05873000908177346
2,0.05416891968343407,0.052163464366458356
3,0.042112673493102194,0.042292079073376954
4,0.02982449224218726,0.03286587704205886
5,0.02138758705696091,0.026846877532079816
6,0.01683824459905736,0.0235699390177615
7,0.01457064743153751,0.021610166388563813
8,0.013164138270076365,0.02023052976001054
9,0.011969665699871257,0.019004370924085377
10,0.010780928184976802,0.01777433875249699
11,0.009617769578471779,0.016575522476341576
12,0.008595484012039379,0.015471664577489719
13,0.00762597018328961,0.014467874815454706
14,0.006688370960182511,0.013491561391856522
15,0.005754104576772079,0.012470799539005383
16,0.004827465565176681,0.011448527243919671
17,0.003997158822312485,0.010444863949669526
18,0.0032471923186676577,0.009467871009837836
19,0.002604734955821186,0.008582160319201648
20,0.0021040687526692635,0.007737718874705024
21,0.001697603036882356,0.006967170050484128
22,0.0014393926845514215,0.00629601172695402
23,0.0012191787805932107,0.005799106496851891
24,0.0010989011494530131,0.00539219404454343
25,0.0010255981589580188,0.005103040640824475
26,0.0009759445234521991,0.00489602713205386
27,0.0009497614861174952,0.004733455067616887
28,0.0009263474188628606,0.0045965688143041914
29,0.0009079699473659275,0.004494529383373446
30,0.0008942658598243725,0.004425345035269856
31,0.000880125929688802,0.004343823839735706
32,0.0008665077250043396,0.004286947926448193
33,0.0008540474835172062,0.0042321238710428585
34,0.0008398028250667267,0.004178823815891519
35,0.0008289115812658565,0.004113655650871806
36,0.0008148606917529833,0.004057463225035462
37,0.0008071692591329338,0.0040069182694423945
38,0.0007988677047251258,0.003974857539287768
39,0.0007920536249002907,0.0039317889197263865
40,0.0007848681212635711,0.0039037101800204256
41,0.0007764741745631909,0.003871565539157018
42,0.0007723047325271182,0.0038398045377107336
43,0.0007654225864826003,0.003804635706183035
44,0.0007592830843350384,0.0037814438066561705
45,0.0007525438471930101,0.003753782085550483
46,0.0007442667938448722,0.003725591221882496
47,0.0007364710974798073,0.0036927403009030966
48,0.0007307569696422434,0.0036608031310606747
49,0.0007231185281852959,0.003629297358565964
50,0.0007145474286517128,0.003606703564582858
51,0.0007090791310474742,0.0035632754632388243
52,0.0007015805127593922,0.0035318003443535416
53,0.0006884896953124553,0.003502204903634265
54,0.0006828192934335675,0.00346770875621587
55,0.0006752160152245779,0.0034194045845652
56,0.0006704416264255997,0.003376184559601825
57,0.0006656503388512647,0.003323061112314463
58,0.0006522446285089245,0.003286839826614596
59,0.0006432649654016132,0.0032327788925613278
60,0.0006345533074636478,0.0031810931919608264
61,0.0006248289195355028,0.0031244930723914877
62,0.0006174660495162243,0.0030734850573935547
63,0.000607256776856957,0.003011110925581306
64,0.0005980130375974113,0.0029491241366486065
65,0.0005865755389095284,0.0028964743949472906
66,0.0005757221886597108,0.0028313584814895877
67,0.0005668319863616489,0.0027646038186503576
68,0.0005560989728110143,0.002696402237052098
69,0.0005468417602969566,0.0026317089912481608
70,0.0005359249718821957,0.002568418995360844
71,0.0005252393837508861,0.002499353897292167
72,0.0005148227497556946,0.0024389556361711583
73,0.000502954050716653,0.002377683689701371
74,0.0004938725405736477,0.0023189638275653126
75,0.0004834031742575462,0.002260166118503548
76,0.0004731790659207036,0.002206971244595479
77,0.0004622746357199503,0.002163069938251283
78,0.00045597883963637286,0.002117846305918647
79,0.00044678416816168465,0.002077179133630125
80,0.0004378149313197355,0.0020449415525945367
81,0.00043035843827965437,0.00200781658932101
82,0.00042836350712605054,0.0019803574788966214
83,0.00041641673597041516,0.0019492513274599332
84,0.00041182196709996786,0.0019207273398933467
85,0.00040756487142061814,0.0018962713562359567
86,0.00040019550015131246,0.0018732359785644803
87,0.00039323341607087057,0.001853930660581682
88,0.00038988517771940676,0.001836005646327976
89,0.00038737274899176556,0.0018146999238524586
90,0.00038257230262388474,0.0017986837759963238
91,0.00037739123308710987,0.0017861856686067767
92,0.00037341956340242177,0.00177101174776908
93,0.00036995284226577497,0.00175297373207286
94,0.00036548273365042403,0.0017392055917298422
95,0.0003624219372795778,0.001727916390518658
96,0.0003601306438213214,0.001714958048250992
97,0.00035684243521245663,0.0017044133492163382
98,0.00035612493193184493,0.001692725879547652
99,0.0003525362571963342,0.0016819649907120037
100,0.000350015703952522,0.0016703501583833712
101,0.000346846353932051,0.0016606382800091525
102,0.00034622026560100495,0.0016514231843757442
103,0.00034323824365856126,0.0016421134379925207
104,0.00034288295119040414,0.0016359584471501876
105,0.00034025059067062103,0.001625324825727148
106,0.0003365874108567368,0.0016175812263099943
107,0.00033563919205334967,0.0016090997058199718
108,0.00033367222622473494,0.001599968707887456
109,0.0003313890265417285,0.0015937363154080232
110,0.0003294977945188293,0.0015868421018240043
111,0.0003278588854300324,0.001580100641149329
112,0.0003264212502472219,0.0015739900707558263
113,0.00032344139144697693,0.001567027408600552
114,0.0003225576581826317,0.0015599079895764589
115,0.0003192797195879393,0.001554961174406344
116,0.00031570029077556685,0.001546876040083589
117,0.00031428042511834066,0.0015399846888612956
118,0.00031281172778108157,0.0015335009717091451
119,0.00031024308409541843,0.0015273504410288296
120,0.0003082387491303962,0.0015212182399409358
121,0.0003065283935939078,0.001515402585209813
122,0.00030464112915069564,0.0015068326065375004
123,0.0003033669094293145,0.001501512400136562
124,0.0003017893930518767,0.0014948872420063708
125,0.0002994789923832286,0.0014901872978953178
126,0.0002975734056235524,0.0014842175354715438
127,0.0002947077127828379,0.001479586330242455
128,0.0002937894971182686,0.0014744248088391031
129,0.0002915828565164702,0.0014681508182547987
130,0.00028891820529679534,0.0014623424154706298
131,0.000287384706280136,0.0014573424654372503
132,0.0002852266259651515,0.001452325274294708
133,0.0002855593182175653,0.0014467974644503557
134,0.0002823048871505307,0.001440648126299493
135,0.00028323347487457795,0.0014359054250235204
136,0.0002802926734148059,0.0014294451924797614
137,0.00027640504304145,0.0014231813220249023
138,0.00027409416525188136,0.0014188934132107534
139,0.0002717234798183199,0.00141342076312867
140,0.0002699869888601825,0.0014087338888202794
141,0.00026762028628581904,0.0014038377412362024
142,0.0002681488576854463,0.0013990106403070969
143,0.00026389498907519737,0.0013950973261671606
144,0.00026279813500877934,0.0013872228904801887
145,0.0002608070304631838,0.0013818465173244475
146,0.0002596819676909945,0.0013763392336841207
147,0.0002582380703643139,0.0013703575808904135
148,0.00025668273628980386,0.0013661378987308126
149,0.00025543389219819803,0.0013602530649222898
150,0.0002528080083720852,0.0013549354247516022
151,0.00025184831392834897,0.0013501357178029138
152,0.00024946306430138063,0.0013455071886710357
153,0.0002478171014445252,0.0013405362929916008
154,0.00024599109856353606,0.0013362011522985995
155,0.00024517830424883866,0.0013307945817359723
156,0.00024272605505757384,0.0013274887103762012
157,0.00024121755432133797,0.0013209817770984955
158,0.00023915929887152743,0.001316009803849738
159,0.00023817284491087776,0.0013128002312441823
160,0.00023670935079280752,0.0013051198155153542
161,0.00023457057004634408,0.001301326878456166
162,0.0002331510199837794,0.001296965896472102
163,0.0002319185246960842,0.0012919888737087603
164,0.00023071778177836678,0.0012875350774265825
165,0.0002293343642122636,0.0012813692512281705
166,0.00022830941352367518,0.0012765121944539714
167,0.00022593583244088223,0.0012697930564172567
168,0.0002244798798528791,0.0012694337754510343
169,0.00022390077538148034,0.001264504408754874
170,0.00022182237707966124,0.0012590900201757903
171,0.0002202147823481937,0.0012543376484245527
172,0.00021919331311437418,0.00125003369175829
173,0.0002172888899622194,0.001244842466985574
174,0.0002159321479666687,0.0012414308926963712
175,0.000213911570244818,0.001236987704760395
176,0.0002131014300175593,0.0012343298410996794
177,0.00021171634125494165,0.0012302146067668218
178,0.00021044439390607294,0.001226040154870134
179,0.00020940267540936475,0.0012218355303048156
180,0.00020758148020831867,0.0012193672962894197
181,0.0002061542898445623,0.0012142531966674141
182,0.0002046375803729461,0.0012102249653253238
183,0.00020371561795400338,0.0012089672949514353
184,0.00020293002462494768,0.0012031124730128794
185,0.00020133967709625721,0.0012029792516841554
186,0.00020042767901031766,0.0011984114949882495
187,0.0001988582317608234,0.0011941244010813534
188,0.00019786133088928182,0.0011931507207918913
189,0.0001963572188287799,0.0011891909292899073
190,0.00019627880328698666,0.0011858118574309628
191,0.00019450500813036342,0.0011825928108009976
192,0.00019384198185434798,0.0011803162284195422
193,0.00019240384290242218,0.0011775147970183753
194,0.0001918911240863963,0.001174010303657269
195,0.00019113389344056487,0.0011727308519766666
196,0.00019039185553992866,0.0011697175192239228
197,0.00018998498899236438,0.0011669506100588478
198,0.00018817711379597312,0.0011634150127065369
199,0.00018691916657189722,0.0011622723752225284
200,0.0001862059460108867,0.0011605339728703256
201,0.00018527391648603952,0.0011577918645343742
202,0.00018457620390108787,0.0011565404769498856
203,0.0001833042353609926,0.0011544120345206466
204,0.00018270787295477932,0.0011510069321957416
205,0.0001817347468204389,0.0011499589432787615
206,0.00018092317613991327,0.0011476910432975274
207,0.00018076144297083375,0.0011447816097643227
208,0.000179654905332427,0.0011431149468990043
209,0.00017879491269923165,0.0011409564118366688
210,0.00017807157837523846,0.0011400270690501203
211,0.00017767333483789116,0.0011381051139323973
212,0.0001772942995557969,0.0011365038881194778
213,0.00017615642927921727,0.0011329831308103167
214,0.0001754998497744964,0.0011326111911330373
215,0.0001746320235724852,0.0011314834941003938
216,0.00017437816050005494,0.0011304693231068085
217,0.00017341015072815935,0.001129009605574538
218,0.00017269850895900162,0.001127299776271684
219,0.00017251700373890344,0.0011258134873060044
220,0.0001718293144222116,0.0011242510649026372
221,0.00017128030140156625,0.0011208254567463883
222,0.00017036886847563438,0.0011210659875359851
223,0.00017019483348121867,0.0011201710018212906
224,0.00016957469961198512,0.0011188611773832236
225,0.00016903795449252357,0.0011160354042658582
226,0.00016833014724397798,0.001115891716472106
227,0.00016807837937449221,0.0011139471222122665
228,0.0001671484978942317,0.001112098220619373
229,0.00016660151641190168,0.0011120645474875345
230,0.0001661961024183256,0.0011112767162558157
231,0.0001656951420045516,0.0011085500886110823
232,0.00016485880723848823,0.0011082447941589634
233,0.00016432967877335613,0.0011071523498685566
234,0.00016373061853300897,0.0011059659322199878
235,0.00016282425085591967,0.0011044544615288032
236,0.0001623693711735541,0.0011050875742512289
237,0.000162189722959738,0.0011021420814358862
238,0.0001622678369130881,0.0011023498213035055
239,0.00016111278910102556,0.0011017507029464468
240,0.00016107557303257636,0.0011002591490978375
241,0.0001606045178959903,0.0010988319234456867
242,0.00016049020459831808,0.001098034823371563
243,0.00016015143937693211,0.0010971180301567074
244,0.00015977647290128517,0.001095270250516478
245,0.0001593035583027813,0.0010960391227854416
246,0.00015880020655458793,0.001094534080766607
247,0.0001583042367201415,0.0010939284016785677
248,0.00015755387421449995,0.0010923077388724778
249,0.0001572758318616252,0.0010913718768279068
250,0.0001566745067066222,0.001092066826822702
251,0.0001559646596433595,0.0010902105474087874
252,0.0001564581831189571,0.0010890809673583135
253,0.00015563037386527866,0.0010892321981373243
254,0.00015523509837294113,0.0010881458467338235
255,0.0001548103746245033,0.001085620198136894
256,0.00015415512079925976,0.0010841256993444405
257,0.00015420845884364098,0.0010847996694792529
258,0.00015384961643576388,0.0010845973542018329
259,0.00015305491760955192,0.0010823993867234093
260,0.00015265867796188104,0.0010822525975527242
261,0.00015264800567820201,0.001082401208986994
262,0.0001525109232716204,0.001081180192704778
263,0.00015191317861535937,0.0010820808289281557
264,0.00015155671144384542,0.0010797809482028242
265,0.0001513110336418322,0.0010799642135680188
266,0.00015108190036698942,0.0010787259903736412
267,0.0001507478412349883,0.0010765192047983874
268,0.00015004971482994732,0.0010773080663057043
269,0.000149904351656005,0.001076906456728466
270,0.00014933332995497038,0.0010760785386082715
271,0.00014903078463248675,0.0010761787241790443
272,0.00014890406800986965,0.0010749303524789865
273,0.00014859347356832586,0.0010745988729468081
274,0.00014839807063253828,0.0010730206016887679
275,0.000147949248275836,0.0010726186839747243
276,0.00014815782151345047,0.0010725371081207412
277,0.00014757207936781923,0.0010711878334404902
278,0.00014705261392009561,0.0010714248986914755
279,0.00014675665252070758,0.0010700541526603047
280,0.00014651799565399415,0.001070170426828554
281,0.00014614694264309948,0.0010699014812416863
282,0.00014567446714863763,0.0010691418356145732
283,0.00014547300688718678,0.0010691599898564163
284,0.00014492478376268992,0.0010675937141058967
285,0.00014492890395558788,0.0010672237462131307
286,0.0001446524929633597,0.001065796084003523
287,0.000144236487813032,0.0010668707356671803
288,0.00014401996895685443,0.0010656068989192136
289,0.00014390470987564187,0.0010655105317709968
290,0.00014351858508234727,0.001064557258359855
291,0.00014332038335851394,0.0010638598054356408
292,0.00014329972173072748,0.001063288534351159
293,0.00014246507325879065,0.001063027262716787
294,0.00014193635570336482,0.001062735970117501
295,0.0001419251287188672,0.0010617312094836962
296,0.0001415445351995004,0.0010616345141897909
297,0.00014142277204882704,0.0010615216458973009
298,0.0001412251469446346,0.001061281200600206
299,0.00014143546140985564,0.001059140892175492
300,0.00014105193458817665,0.0010587928314635064
301,0.00014008068792463745,0.0010587925418803934
302,0.00014002877678649385,0.0010582038747088518
303,0.00013974972662254004,0.0010570554411970079
304,0.00013953638372186106,0.0010584731353446841
305,0.0001392125789607235,0.0010563664640358184
306,0.00013955512613392785,0.0010567562349024229
307,0.00013869873801013454,0.0010560569593508263
308,0.00013849283095623832,0.0010554125932685566
309,0.0001383467036248476,0.001055865855232696
310,0.00013802088815282332,0.0010555034808930942
311,0.00013770183750239084,0.0010536518351727865
312,0.00013716479061258723,0.0010550969207542948
313,0.00013715431496166274,0.0010537706541072112
314,0.0001373069020701223,0.0010530396339163417
315,0.0001369845124827407,0.0010527261896640995
316,0.00013687709060832275,0.0010510122669074918
317,0.0001367571730952477,0.0010509575560718077
318,0.00013620434328913688,0.0010504519024834736
319,0.0001362194113426085,0.0010501960743567907
320,0.00013611189115181332,0.0010498441999516217
321,0.00013576650508184684,0.0010495548478502315
322,0.00013573085589086987,0.001049082803001511
323,0.00013576359069702448,0.0010481234454346121
324,0.00013549307477660476,0.001048199971774011
325,0.00013535477892219206,0.0010472657515492756
326,0.0001350411139355856,0.0010473731519596186
327,0.00013489920556821743,0.001046361590124434
328,0.0001344824274383427,0.0010462044971063732
329,0.0001341557051091513,0.0010456235177116469
330,0.00013386687824095133,0.0010457329506607493
331,0.00013374582713368,0.0010449952871567803
332,0.00013337633990886388,0.001044117381752585
333,0.00013320918696990702,0.0010446381569636288
334,0.00013301380167831666,0.001043707130884286
335,0.00013280880766615156,0.0010434225423523458
336,0.00013254471728032513,0.0010440062877023592
337,0.00013253174543024216,0.0010420261416584254
338,0.00013230494951130823,0.0010414784203021555
339,0.00013219038028182694,0.0010412847444968066
340,0.00013194129442126724,0.0010413188432721655
341,0.00013191190537327203,0.0010409472241008188
342,0.00013170429683668773,0.001040801034832839
343,0.00013136896186551894,0.0010398078975413227
344,0.00013124339157002395,0.0010401675179309677
345,0.00013123974385962356,0.0010396751684311311
346,0.00013069629230813006,0.001039692356789601
347,0.00013044388069829437,0.0010399107333796565
348,0.00013036297514190665,0.0010379447994637303
349,0.00013020081473769096,0.0010376856553193647
350,0.0001299792236295616,0.001038325838453602
351,0.000129737802035379,0.0010368623647082132
352,0.00012965701362190884,0.0010365294554503634
353,0.00012952730721735862,0.0010365726488089423
354,0.00012919278883600783,0.0010364381691033487
355,0.00012866691322415135,0.0010364039975684137
356,0.00012838597344853043,0.0010360986827436137
357,0.00012835451411774557,0.001036081191705307
358,0.00012811848164346885,0.0010343017791456077
359,0.00012801538127860113,0.0010353484431107063
360,0.00012783534270965902,0.0010330302295187721
361,0.00012769407999257965,0.0010339567073970103
362,0.0001275048019579117,0.0010342477238737048
363,0.0001272167100069055,0.0010323188063921407
364,0.00012723842382911243,0.0010325116258172785
365,0.000127153452967832,0.0010334819300624077
366,0.0001268564700239949,0.0010321852576453238
367,0.00012657695838242945,0.0010311241796443938
368,0.00012643316704270547,0.0010322004862246103
369,0.00012646060463339381,0.0010311879148503067
370,0.00012614346014743204,0.001031250438245479
371,0.00012606422246790315,0.0010300780784746166
372,0.00012589504499374015,0.001029370074684266
373,0.0001255341002433852,0.0010287672561389628
374,0.00012540866241579353,0.0010291462218447122
375,0.00012558155544866166,0.0010284415613568854
376,0.0001255412549198809,0.0010269404603604926
377,0.00012534431584754202,0.0010279143614752683
378,0.00012554749782793805,0.0010273638348735404
379,0.0001250025588888093,0.0010261589446599827
380,0.00012481982057579443,0.0010269524867908332
381,0.00012449003452275065,0.0010272759394865717
382,0.00012465700142456627,0.0010260242015647236
383,0.00012435509197530336,0.0010263222517096437
384,0.00012385147178974875,0.0010258185626298654
385,0.00012383195830807382,0.0010255532371957088
386,0.00012367930835353036,0.0010262461997626814
387,0.0001231818941050733,0.0010230161034996855
388,0.00012320032442403317,0.00102505297800235
389,0.00012273402890059515,0.0010246138001093641
390,0.0001228295144301228,0.0010232541706500342
391,0.00012275288008822827,0.0010237852704449324
392,0.00012262090635886124,0.0010236496906145475
393,0.00012215165629640977,0.001022347622711095
394,0.00012231248006173702,0.0010234432851575549
395,0.00012193674233458296,0.0010229999155853876
396,0.00012176044738225756,0.0010222196571703535
397,0.00012172405645287654,0.0010212294644588837
398,0.00012169325709692203,0.0010219053270702715
399,0.00012134107396377658,0.0010214010511845118
400,0.0001213895081946248,0.0010210801348875976
401,0.00012131820708418672,0.0010220074062090134
402,0.00012082072712473745,0.0010211243410594762
403,0.00012094465350855898,0.0010199796448432607
404,0.00012073028442500799,0.001019988250118331
405,0.00012042661533087084,0.0010200351956882515
406,0.00012031829005536565,0.0010194018577749375
407,0.00012028339529024379,0.0010186810577579308
408,0.00012020758222206496,0.0010187492487602867
409,0.00011993725061074657,0.001019790198188275
410,0.00011967372565777624,0.0010179801854974357
411,0.0001194922911508911,0.0010178477266890695
412,0.00011942773048758681,0.0010177833948546322
413,0.00011952663312513323,0.0010153275150514673
414,0.00011925734456781356,0.001016383065507398
415,0.00011904446632797772,0.0010160902274947148
416,0.00011913745661331631,0.001015181900220341
417,0.0001191673545690719,0.0010151482107175979
418,0.00011899924661520344,0.0010159638590266696
419,0.00011871032934323012,0.0010148050845600665
420,0.00011873654470946348,0.001014497553842375
421,0.00011847689938804251,0.0010140972746739863
422,0.00011817183308266976,0.001013535586753278
423,0.00011818586995104852,0.0010149089990591164
424,0.00011784805415118171,0.0010130423506780062
425,0.000117851935510771,0.0010140198828594293
426,0.00011770322403208411,0.0010134078958799364
427,0.00011779496967392333,0.0010128523696039337
428,0.00011741244661607197,0.0010129913978744298
429,0.00011734693507605697,0.0010124525797436945
430,0.00011737311933757155,0.0010112212665262632
431,0.00011727273531505488,0.001011340277909767
432,0.00011698494895426848,0.001009981160677853
433,0.00011688497361319605,0.0010112704821949592
434,0.00011676358335535041,0.0010108405440405477
435,0.00011662038355098048,0.0010108030102855992
436,0.00011648931181298394,0.0010089152980071957
437,0.00011611832046583004,0.0010084868030389772
438,0.00011631658503574727,0.0010093987413711148
439,0.00011586032669583802,0.0010092547425301745
440,0.00011578671160350495,0.0010086093559948494
441,0.0001156375485152239,0.0010084561436087824
442,0.00011544592953214306,0.0010068391035019885
443,0.00011563613784346672,0.0010073986326460727
444,0.00011554475868251757,0.0010073582219774836
445,0.0001152596687006735,0.0010065959926578217
446,0.00011530947181199735,0.0010059681593702408
447,0.00011532888288456888,0.0010068238334497437
448,0.00011519128411237034,0.001006747858627932
449,0.0001149700570749701,0.001005704533235985
450,0.00011500293312565191,0.0010042366338893771
451,0.00011499540592012636,0.0010050858403701569
452,0.00011471171051198325,0.0010032221776782534
453,0.0001144769657003053,0.0010042608329968062
454,0.00011441843498687377,0.0010033346472482663
455,0.00011411866521484625,0.0010030563880718546
456,0.00011388487901058398,0.0010016815114795464
457,0.00011398525025470007,0.0010023590526543557
458,0.00011385694251657697,0.0010025334435340484
459,0.00011378082922419708,0.0010017834087193479
460,0.00011359342506693793,0.0010007802735344739
461,0.00011354018974998325,0.0010013500661443687
462,0.00011346100486662181,0.0009990497193939519
463,0.00011347602517162159,0.0009999211190006463
464,0.00011323770390845312,0.0009997954137361375
465,0.00011336557795402769,0.000998685636659502
466,0.00011324346896799398,0.0009991038376028882
467,0.00011305171733511088,0.000999121664062841
468,0.00011305383468425134,0.0009978433790820418
469,0.00011260627861702233,0.0009981788673030679
470,0.00011274065250290732,0.0009967256668460323
471,0.00011268926432421722,0.0009976951754651965
472,0.00011237161520512018,0.0009968878253857837
473,0.00011217308633604262,0.0009981118251744191
474,0.00011208070827706251,0.0009960769515600988
475,0.00011203303565707757,0.0009958288665075088
476,0.00011204254678887082,0.0009960394116205861
477,0.00011205408150090079,0.0009944074074155651
478,0.00011200489816474147,0.0009947020902473015
479,0.00011171780720360402,0.000994625858947984
480,0.00011163888825649337,0.0009951367504982046
481,0.00011141718500766729,0.0009942106600647094
482,0.00011151675175824494,0.0009931772212439683
483,0.00011136318480566842,0.0009928204675816233
484,0.00011113032105640741,0.000993180363002466
485,0.00011114432272734121,0.0009932297936757096
486,0.00011097689753114537,0.0009936154794559116
487,0.00011095076956735284,0.0009924496640451252
488,0.00011083480098932341,0.0009920969627273736
489,0.00011065932662859267,0.000990754410304362
490,0.0001106812219859421,0.000989943776949076
491,0.00011052338600165967,0.0009908574797009352
492,0.00011035462516701955,0.0009910482956911437
493,0.00011031745543732541,0.0009901840625389014
494,0.0001101043751987163,0.0009901171622914262
495,0.00011002805968018947,0.0009894029863062315
496,0.0001097279187888489,0.000990534724041936
497,0.00010988603148689435,0.0009891354984574718
498,0.00010984798004756157,0.0009881867474177853
499,0.00010992394363711356,0.0009883974289550679
500,0.00010980579008901259,0.0009887234129564604
501,0.00010941056452793419,0.0009883940580039051
502,0.00010936534372376627,0.0009871705737168669
503,0.0001092141490062204,0.0009872130038274917
504,0.0001089002567823627,0.0009880684428935638
505,0.00010889674013014883,0.0009867467491858407
506,0.0001087989029201708,0.0009860355527052888
507,0.0001086491730347916,0.0009861936156084993
508,0.00010866162160709792,0.0009853521773038666
509,0.00010861564655897382,0.000985534789651865
510,0.0001084695009922143,0.000985462976314011
511,0.00010830668379639974,0.0009843974854447878
512,0.00010831732120095695,0.00098544727989065
513,0.00010804888074744667,0.0009841067825618667
514,0.00010794093100230384,0.0009840020615229151
515,0.00010795669263643503,0.0009839156413363527
516,0.00010782139956972969,0.000983428503604955
517,0.0001075956556633173,0.000983525855190237
518,0.00010760341201603296,0.00098268830915913
519,0.00010767622143248445,0.000983769237791421
520,0.00010750594406090385,0.0009822634667216335
521,0.00010737595034697734,0.00098194442653039
522,0.00010750345300039043,0.0009820584338740446
523,0.00010745645681708993,0.0009815920620894758
524,0.00010718720704971929,0.0009804161622014363
525,0.00010710073215705051,0.000981052806673688
526,0.00010696171029849211,0.0009807970320252935
527,0.00010707689361879602,0.0009796953898330684
528,0.00010691358297663101,0.0009803949425986503
529,0.00010689221462598653,0.0009795451693207723
530,0.00010669457274161686,0.0009810972624109127
531,0.00010663685420695402,0.0009783185123524163
532,0.00010660495704541972,0.0009795738445973257
533,0.00010638771291269223,0.0009793586705200141
534,0.0001061858163211582,0.0009790635467652464
535,0.00010612033852339665,0.0009781309265235905
536,0.00010597799282550114,0.0009786244820134016
537,0.00010581433543848107,0.0009770971711986931
538,0.0001057703566402779,0.000976510859982227
539,0.00010558436279097804,0.0009770805347216083
540,0.0001057377373399504,0.0009776343427802202
541,0.00010547185406721838,0.0009767433515662561
542,0.00010546470834924549,0.0009761205361428438
543,0.00010543565567786573,0.0009754750211868668
544,0.00010564335707385908,0.0009747611758939457
545,0.00010523342084525211,0.0009756715269759297
546,0.00010519084044062766,0.0009749670356541173
547,0.00010503365269869392,0.0009735256950079929
548,0.00010520192208787193,0.0009739938170241658
549,0.00010509234043638571,0.0009735819781781174
550,0.00010505443942747661,0.0009743924161739415
551,0.00010479198290340719,0.0009738615899550496
552,0.00010493650802345655,0.0009721590318804374
553,0.0001047032726546604,0.0009727806394948857
554,0.00010450752924953121,0.0009723186776682269
555,0.00010461767060405691,0.0009713020222989144
556,0.0001045024708218989,0.0009714347434055526
557,0.00010444385961818625,0.0009719927089463454
558,0.00010423226399325358,0.0009713673083751928
559,0.00010439955622132402,0.0009702276842290303
560,0.00010419615141472604,0.0009714610110677313
561,0.00010411298567305493,0.0009706101092888276
562,0.00010390224483671772,0.0009694383748865221
563,0.00010379643308624508,0.0009696695808088407
564,0.00010367178965680069,0.0009692954838101287
565,0.00010369702936259273,0.0009693873831565725
566,0.00010364587710682826,0.0009688344802270876
567,0.00010368768175794685,0.0009689066435385029
568,0.00010333700283808867,0.0009679620474344119
569,0.00010332603810638829,0.000968228152487427
570,0.00010331488442716363,0.0009681763243861496
571,0.00010305390019311744,0.0009670070954598487
572,0.0001031174263516732,0.0009665988141932758
573,0.00010316293805772148,0.000966207818055409
574,0.00010303806152478501,0.0009673503100202652
575,0.00010293037639712566,0.0009656559370341711
576,0.00010303364510946266,0.0009652405726228608
577,0.00010290526593053073,0.0009668194474215852
578,0.00010271507026118342,0.0009655578458477975
579,0.00010264825527883659,0.0009643268724175869
580,0.0001025349968131195,0.0009648138755437685
581,0.00010219222381238068,0.0009643147681344999
582,0.00010204506356785714,0.0009652464210375911
583,0.00010206179545093618,0.0009651748183387099
584,0.00010202770158684871,0.0009628908897866495
585,0.00010215039728791452,0.000963391702316585
586,0.00010208332528236497,0.0009629839300032472
587,0.00010218454617643147,0.000961604066833388
588,0.00010226465433333942,0.0009613499099941691
589,0.00010215901584160747,0.0009617551950213965
590,0.00010185920032199647,0.0009611990084522404
591,0.00010184793422922667,0.0009617579453333747
592,0.00010149720433219044,0.0009605719325918472
593,0.00010158722839150868,0.0009613058744434965
594,0.00010139307091776573,0.000960527014467516
595,0.00010146365193577366,0.0009599170476576546
596,0.00010114409928974055,0.0009603614322259091
597,0.00010115749296346621,0.0009601078349078307
598,0.00010092991888086545,0.0009589669207343832
599,0.00010097459780809004,0.0009590915164153557
600,0.00010104992848027904,0.0009587107211700641
601,0.00010066669401567196,0.0009594728177034995
602,0.00010051965900856886,0.0009580423757142853
603,0.00010057030531243071,0.0009585388535924722
604,0.00010049022866951419,0.0009593008704541717
605,0.00010034622473540367,0.0009575232332281302
606,0.00010043622096418403,0.0009573634313710499
607,0.00010048795661532495,0.0009569653011567425
608,0.00010014052518272364,0.0009562373863445828
609,0.00010020575105045282,0.0009557068755384534
610,0.00010001171763178718,0.0009550558945193189
611,9.982167421185295e-05,0.0009547452202241403
612,9.975105899684422e-05,0.0009547233537887223
613,9.99130678792426e-05,0.0009550154911266873
614,9.991369793169725e-05,0.0009544631073367782
615,9.984393082049792e-05,0.0009545016524498351
616,9.993849430429691e-05,0.000952932645304827
617,0.0001000017265596398,0.0009528458765998948
618,9.975085349651635e-05,0.0009540207902318798
619,9.9580727146531e-05,0.0009529794660920743
620,9.942925366885902e-05,0.0009537684480164898
621,9.948159140549251e-05,0.0009521952641080133
622,9.924666369443003e-05,0.0009526162528345594
623,9.909236378007336e-05,0.000952092668376281
624,9.894264644572104e-05,0.000950751770142233
625,9.90110027942137e-05,0.0009519956911390182
626,9.893961032503285e-05,0.0009504069537797477
627,9.891678860185493e-05,0.0009514351117104525
628,9.854144277596789e-05,0.0009504508445388638
629,9.861159519459761e-05,0.0009499451080046128
630,9.87096414064581e-05,0.0009500105607003206
631,9.86023943823966e-05,0.0009492858265730319
632,9.844284536484338e-05,0.0009487901563261403
633,9.860793238658516e-05,0.0009482067343924427
634,9.84401006007829e-05,0.0009477625779254594
635,9.838098508225812e-05,0.0009483919093327131
636,9.846072589425603e-05,0.0009478658703301335
637,9.81933839739213e-05,0.0009478595755354035
638,9.816732963372488e-05,0.0009469263161008712
639,9.813282463255746e-05,0.0009459635275561595
640,9.78491071236931e-05,0.0009482976809522369
641,9.788440661395725e-05,0.0009468204010772751
642,9.771303252819053e-05,0.0009460351924644783
643,9.79058743268979e-05,0.0009453264789044624
644,9.782037609511463e-05,0.0009457862630370073
645,9.787050030354293e-05,0.0009440574543987168
646,9.773012075129373e-05,0.0009438385015528184
647,9.783142932064947e-05,0.000945047475033789
648,9.764422425178055e-05,0.0009441845566470874
649,9.769289640644274e-05,0.0009443076851312071
650,9.754681241247454e-05,0.0009440740050195018
651,9.739381348481402e-05,0.0009431614125787746
652,9.732152634569501e-05,0.00094343170094362
653,9.732188404996123e-05,0.0009430796573724365
654,9.722468462314282e-05,0.0009420652317203348
655,9.721006886138639e-05,0.0009425644540897338
656,9.713840495351178e-05,0.0009422528219147353
657,9.701518679321453e-05,0.0009410762249899562
658,9.696324796095723e-05,0.000940813941633678
659,9.679927143224631e-05,0.0009407167992321775
660,9.688730992820637e-05,0.0009397826517670183
661,9.700662540126359e-05,0.0009404105465364409
662,9.661427825449209e-05,0.0009395309978572186
663,9.654905602474173e-05,0.0009392777807079256
664,9.648880109125457e-05,0.0009398084250278771
665,9.626919454603921e-05,0.0009392524407303426
666,9.623913797440764e-05,0.000937830039401888
667,9.617612849979195e-05,0.0009387419861013769
668,9.624208919376543e-05,0.0009374499608384212
669,9.647085707911173e-05,0.0009381893167301314
670,9.634068328523426e-05,0.0009372304361022543
671,9.626672599551966e-05,0.0009374137964186958
672,9.602814689060323e-05,0.0009370379179017618
673,9.590733338882274e-05,0.0009369633797177812
674,9.580717851349618e-05,0.0009362835215142695
675,9.575455610502103e-05,0.0009360270592878806
676,9.5792194497335e-05,0.0009362517903355183
677,9.553538507134363e-05,0.0009357814975373913
678,9.563202092977008e-05,0.0009345163245598088
679,9.563361968503158e-05,0.0009352714998385637
680,9.562523723616323e-05,0.0009345987647975563
681,9.545438438181008e-05,0.0009345050453703152
682,9.55154335770203e-05,0.0009331513385404833
683,9.539826082800573e-05,0.000934245028111036
684,9.517967482679524e-05,0.0009334197529824451
685,9.512220003671246e-05,0.000934267327102134
686,9.507974950793142e-05,0.0009335947426734493
687,9.499507427790377e-05,0.0009332497742434498
688,9.498930426161678e-05,0.0009331884120911127
689,9.484202391831786e-05,0.0009329847274784697
690,9.480469270783942e-05,0.0009325391540187411
691,9.489971389484709e-05,0.0009324305392510723
692,9.478636029598419e-05,0.0009320343659055652
693,9.464505442338122e-05,0.0009320040288002928
694,9.467663057876053e-05,0.0009310936518886592
695,9.44577268910507e-05,0.0009310233737778618
696,9.436808009013475e-05,0.000931581905024359
697,9.444765914849995e-05,0.0009302847640356049
698,9.443319072488521e-05,0.0009307939493737649
699,9.443907879358449e-05,0.0009293592549511232
700,9.41821974265622e-05,0.000928911344090011
701,9.435064475837862e-05,0.0009287651362683391
702,9.410308143742441e-05,0.0009295935560658108
703,9.4085388491294e-05,0.0009283833718654932
704,9.395422835041245e-05,0.0009287342389143304
705,9.397861122124595e-05,0.0009281681828724686
706,9.39464560815395e-05,0.0009272175902879098
707,9.395364227202663e-05,0.000928265682887286
708,9.385060834574688e-05,0.0009276184322516201
709,9.361817246826832e-05,0.0009261185055947863
710,9.389256379108702e-05,0.0009266448090784251
711,9.375268432449957e-05,0.0009261363735276973
712,9.395717520419567e-05,0.0009256832319806563
713,9.385735206706159e-05,0.0009251938834495376
714,9.383251676808868e-05,0.0009255159297026694
715,9.358799566143716e-05,0.0009250840779714053
716,9.352275446872227e-05,0.0009256735960661899
717,9.336172001894738e-05,0.000924515659789904
718,9.341035706711409e-05,0.000925111562537495
719,9.344491913907405e-05,0.0009241695061064092
720,9.349919455416966e-05,0.0009231203654053388
721,9.356560522064684e-05,0.0009222601143846987
722,9.340566330138245e-05,0.0009229916089680046
723,9.329584390798118e-05,0.0009220011503202841
724,9.326755975962442e-05,0.0009228788698237622
725,9.330538696303848e-05,0.000921952358839917
726,9.332034874205419e-05,0.0009208486440911656
727,9.334680639767612e-05,0.0009214998673996889
728,9.314323760918341e-05,0.0009210117226757575
729,9.322935993623105e-05,0.0009198461706546368
730,9.316351165580272e-05,0.0009205880309309577
731,9.298189993387496e-05,0.0009202331624692306
732,9.294380506617018e-05,0.000919915321355802
733,9.255863847101864e-05,0.0009198229879984865
734,9.243981039617211e-05,0.000919116841032519
735,9.245391320291673e-05,0.0009201615401252638
736,9.237496337846096e-05,0.0009191312856273726
737,9.236905134457629e-05,0.000918490023468621
738,9.230032555933576e-05,0.0009182125912047922
739,9.248136884707492e-05,0.0009178164229524555
740,9.265067992600962e-05,0.000917046662652865
741,9.262943904104759e-05,0.0009174949729640503
742,9.223791303156759e-05,0.0009169499782728963
743,9.251219257748744e-05,0.000916293027694337
744,9.236616019734357e-05,0.0009154025607131189
745,9.229482211594586e-05,0.0009167084132059245
746,9.237700833182316e-05,0.0009159519806416939
747,9.230338478118937e-05,0.0009145430827629753
748,9.242001888196683e-05,0.0009151168174867053
749,9.238536404154729e-05,0.0009154148316156352
750,9.220742458637687e-05,0.0009139285160927102
751,9.221849081768596e-05,0.0009149356483248994
752,9.224005907526589e-05,0.0009140677113464335
753,9.213281446136534e-05,0.0009140049547568197
754,9.214803535542159e-05,0.000913890911397175
755,9.218568598043931e-05,0.0009135098749538884
756,9.193687556035002e-05,0.0009133455969276838
757,9.180751480926119e-05,0.0009136391654465115
758,9.173176795229665e-05,0.0009130609141720925
759,9.171614437946119e-05,0.0009127915956923971
760,9.166411609839997e-05,0.0009125040764047298
761,9.160346585304068e-05,0.0009115447202930227
762,9.165145474980818e-05,0.0009108342812396586
763,9.154604426839797e-05,0.0009098961698327912
764,9.149289717242936e-05,0.0009099193732254208
765,9.153489259006165e-05,0.0009107063899136847
766,9.160333543150046e-05,0.0009098512007767567
767,9.142047688328602e-05,0.0009092897616937989
768,9.147453329205746e-05,0.0009095218792936066
769,9.145393441940541e-05,0.0009095868950680597
770,9.127159651143302e-05,0.0009091047239053295
771,9.126502868639363e-05,0.0009093364449654473
772,9.11146943053609e-05,0.0009095638666622108
773,9.110969467656105e-05,0.0009080054125661264
774,9.10664193725097e-05,0.0009086365538678365
775,9.119060250668553e-05,0.0009067213199159596
776,9.128602300734201e-05,0.0009082356391445501
777,9.106960392273322e-05,0.0009063305500603746
778,9.127983275902807e-05,0.0009069955569430022
779,9.109826373787655e-05,0.0009068956955161411
780,9.088732590498694e-05,0.0009068670311535243
781,9.082094920813688e-05,0.0009050298111105803
782,9.083420095521433e-05,0.0009052443696418777
783,9.090754288081371e-05,0.0009053605335793691
784,9.08654129034403e-05,0.0009046483788551996
785,9.079749152078876e-05,0.0009048648473253707
786,9.082766996471037e-05,0.00090435622514633
787,9.064748187483928e-05,0.0009042248530022334
788,9.05696267636813e-05,0.0009043888745509321
789,9.057811912498437e-05,0.0009038127751409775
790,9.055064888343622e-05,0.0009038994277943857
791,9.030603910105128e-05,0.000902973534175544
792,9.036322144311271e-05,0.0009025757703057024
793,9.039671840582741e-05,0.0009024343726196093
794,9.011391148305847e-05,0.0009016499268909683
795,9.017398683681676e-05,0.0009021100224344992
796,9.036644842126406e-05,0.0009014140978251817
797,9.010973026306602e-05,0.0009021463247336214
798,9.008371989693842e-05,0.0009020440382300876
799,8.971575089162797e-05,0.0009016743137181038
800,8.996283686428797e-05,0.0009009005167172291
801,8.991670324576262e-05,0.0009007696502521867
802,8.992214243335184e-05,0.0009003974366351031
803,8.99235725228209e-05,0.0009003011906315806
804,9.008842716866639e-05,0.0008996420801850036
805,8.99930963441875e-05,0.0009005053383589256
806,8.99262418897706e-05,0.0008992500359454425
807,9.000944151011936e-05,0.0008991882874397561
808,8.983281413748046e-05,0.0008991894992504967
809,8.974182242127426e-05,0.0008996631455374882
810,8.964215162450273e-05,0.0008982803494291148
811,8.959729225352931e-05,0.0008982553907117107
812,8.954859472396493e-05,0.0008972761781478767
813,8.956932529144979e-05,0.0008987545988929924
814,8.933987101045204e-05,0.0008974644064437598
815,8.94346685072378e-05,0.0008971992079750635
816,8.948478994170727e-05,0.0008969138129032217
817,8.936391254792398e-05,0.0008966110868641408
818,8.930742151278537e-05,0.0008954609915235778
819,8.907288952286763e-05,0.0008956464153015986
820,8.911631325645431e-05,0.0008962366777268471
821,8.918932253436651e-05,0.0008951818777859444
822,8.912692492231144e-05,0.0008941208179749083
823,8.91782633971161e-05,0.0008947377511503874
824,8.928558431762213e-05,0.0008941984291595872
825,8.922601555241271e-05,0.0008936750698921969
826,8.91995323854644e-05,0.0008939686507801525
827,8.915624434848723e-05,0.0008939571802329737
828,8.899371259758481e-05,0.000892552217192133
829,8.897573757167265e-05,0.0008936793135944753
830,8.889065852599743e-05,0.000893598333641421
831,8.89568965703802e-05,0.0008926207607146353
832,8.881499693416117e-05,0.0008931830878282198
833,8.903680618459475e-05,0.0008915646929381182
834,8.92227767053555e-05,0.0008924508932977915
835,8.901429469005961e-05,0.0008917975013901014
836,8.884817416401347e-05,0.0008912194305594312
837,8.889090049706283e-05,0.0008917245639167958
838,8.878795106284087e-05,0.0008912068729841849
839,8.867787796589255e-05,0.0008905549359042198
840,8.898050873540342e-05,0.0008904608934244606
841,8.88316384589416e-05,0.0008902670480892994
842,8.865797726684833e-05,0.0008910055988962995
843,8.864189735504623e-05,0.0008899523247237085
844,8.856092504174739e-05,0.0008896554358216235
845,8.867205478964024e-05,0.0008892124591511674
846,8.842251972964731e-05,0.0008898282201698748
847,8.816378663141222e-05,0.0008892633330106036
848,8.829529883769283e-05,0.0008885988005204126
849,8.839603378874017e-05,0.0008882440037268679
850,8.834972722979729e-05,0.0008876891835825518
851,8.831701757117116e-05,0.0008880134904757142
852,8.84074864188733e-05,0.0008879634744516807
853,8.830084202600119e-05,0.0008873399594449439
854,8.837852224132802e-05,0.0008876028816303006
855,8.801964600024803e-05,0.0008864204955898458
856,8.808069005681319e-05,0.0008867440534231719
857,8.804365138530557e-05,0.0008863394585205242
858,8.783846533333417e-05,0.0008868172186339507
859,8.798710528026276e-05,0.0008856590033246903
860,8.800423756838427e-05,0.0008854900457663462
861,8.800638061075005e-05,0.0008849049198033753
862,8.798132384981727e-05,0.0008850184098264435
863,8.809361643216106e-05,0.0008847220840834779
864,8.787395559011202e-05,0.0008851840491843177
865,8.78652961091575e-05,0.0008847844295814866
866,8.781665237620473e-05,0.0008832970612274949
867,8.780623193160864e-05,0.0008837085581035354
868,8.787754227341793e-05,0.0008837697117996868
869,8.779116642472218e-05,0.0008837812460114946
870,8.769585242589528e-05,0.0008832548188365763
871,8.763015785007156e-05,0.0008820359220408136
872,8.774436564635834e-05,0.0008818683181743836
873,8.764596427681681e-05,0.0008824816795822699
874,8.770012832428619e-05,0.0008824170192383463
875,8.766590713094047e-05,0.0008817142741463612
876,8.767589679337107e-05,0.0008809047900285805
877,8.771825846451975e-05,0.0008804010296444176
878,8.766698256295058e-05,0.0008818641068501165
879,8.759199363339576e-05,0.0008809668877802323
880,8.782801223787829e-05,0.0008797792957921047
881,8.757082555348461e-05,0.0008801535008387873
882,8.742731270103832e-05,0.0008803284075838746
883,8.735834881008486e-05,0.0008790772502834443
884,8.730799713703163e-05,0.0008803632812487194
885,8.715158651284582e-05,0.0008796292342594825
886,8.728317939130648e-05,0.0008783447541645728
887,8.741906549403211e-05,0.0008783204561041202
888,8.689798078194144e-05,0.0008790927728114184
889,8.730056529202557e-05,0.0008789462324784835
890,8.733196518733166e-05,0.000877864156063879
891,8.709688008821104e-05,0.0008779971805779497
892,8.707626971045101e-05,0.000877324571411009
893,8.69507080551557e-05,0.0008781568125414196
894,8.692475917086995e-05,0.0008761051412875531
895,8.700835724084754e-05,0.0008771937522396911
896,8.691800480846723e-05,0.0008776104041317012
897,8.680789533173083e-05,0.0008765892052906565
898,8.676673869558726e-05,0.0008771284032263793
899,8.686194723850349e-05,0.0008773094301432139
900,8.694912394275889e-05,0.0008761418754147599
901,8.668182254041312e-05,0.0008763401503529167
902,8.663166750011442e-05,0.0008754095157200936
903,8.66830739141733e-05,0.0008755089322221466
904,8.697140501681133e-05,0.000875251035176916
905,8.678027729729365e-05,0.0008746444185817381
906,8.661247406962502e-05,0.0008743963713641279
907,8.667135962241446e-05,0.0008745520899537951
908,8.67645304879261e-05,0.0008731806585274172
909,8.678886279085418e-05,0.0008728434171644039
910,8.665855598337658e-05,0.0008736601790587884
911,8.662157347316679e-05,0.0008741297911910806
912,8.653929839965712e-05,0.0008741600828216179
913,8.65219623392477e-05,0.0008735793064261089
914,8.645370949125208e-05,0.0008730613051739055
915,8.633672168798512e-05,0.0008734642404306214
916,8.635865920041397e-05,0.0008728718210477382
917,8.631509490442113e-05,0.000872630912999739
918,8.645130233162491e-05,0.0008722119651793037
919,8.630515553704754e-05,0.0008719206180103356
920,8.624070092082548e-05,0.0008721042606339325
921,8.61168311075744e-05,0.00087142580159707
922,8.612563296992449e-05,0.0008723262584680924
923,8.608848620497155e-05,0.000870839587514638
924,8.633343504698132e-05,0.0008711660906556062
925,8.609194278506039e-05,0.0008704847412445815
926,8.613283480372048e-05,0.0008699679976416519
927,8.603382079854782e-05,0.0008699402242200449
928,8.599938591942191e-05,0.0008703096023964463
929,8.59911638599442e-05,0.0008704732135811355
930,8.592832664362504e-05,0.000870031341764843
931,8.602946859355143e-05,0.0008696104494447354
932,8.592378526373068e-05,0.0008698220121004851
933,8.58314682773198e-05,0.0008681076698849211
934,8.585686323385744e-05,0.0008687551766342949
935,8.586059216213471e-05,0.0008677382102177944
936,8.601649296906544e-05,0.0008676135028508724
937,8.582078166909923e-05,0.0008666605350299506
938,8.575991118959791e-05,0.0008671635820064694
939,8.600112209933286e-05,0.0008662378459121101
940,8.582185255363583e-05,0.0008668982049130136
941,8.5666314998889e-05,0.0008669702048791806
942,8.566038968638168e-05,0.0008670759769302094
943,8.590335319240694e-05,0.0008666373905725777
944,8.581719234825868e-05,0.000866287637836649
945,8.550107627343095e-05,0.0008665232016937807
946,8.534178969057393e-05,0.0008665721765282796
947,8.513856419085641e-05,0.0008661225856485544
948,8.534622234037669e-05,0.0008659893384901807
949,8.533240807082621e-05,0.0008649078150483547
950,8.522293173882645e-05,0.0008658522114274092
951,8.529798092240525e-05,0.0008635043173853774
952,8.530732657163753e-05,0.0008648907467431854
953,8.547235620426363e-05,0.0008641219777928199
954,8.540466301383276e-05,0.0008643516670417739
955,8.545129398953576e-05,0.0008644003650260856
956,8.56203864714189e-05,0.0008636591071990551
957,8.540370781702222e-05,0.0008635152764327359
958,8.506000444867823e-05,0.0008636371978354874
959,8.515115437148779e-05,0.0008635323043563403
960,8.491636408507475e-05,0.0008635626541945385
961,8.510621987625199e-05,0.0008633273417217424
962,8.508601072207967e-05,0.0008629793148429599
963,8.500441913383838e-05,0.0008632552478957222
964,8.52815770485904e-05,0.000862140657773125
965,8.504515526510658e-05,0.0008619905813247897
966,8.49076711347152e-05,0.0008623286918009399
967,8.498788683937164e-05,0.0008611940189439338
968,8.47536312903685e-05,0.0008608356736658606
969,8.496966588609212e-05,0.0008601703200838528
970,8.505164328198589e-05,0.0008617332354333484
971,8.499106588715222e-05,0.0008605429760791594
972,8.485832850055886e-05,0.0008603383481386118
973,8.476030993733729e-05,0.0008608307940448867
974,8.479258103761822e-05,0.0008608953783550532
975,8.475512909171812e-05,0.0008603008431236958
976,8.489845981785038e-05,0.0008593350608862238
977,8.474471992485633e-05,0.0008597617743362207
978,8.465775890726945e-05,0.0008588495576987043
979,8.475360868942516e-05,0.000859232057700865
980,8.460103854304179e-05,0.0008589665281760972
981,8.470155698887538e-05,0.0008584849994804245
982,8.469116341984773e-05,0.0008590174657001626
983,8.449946535620257e-05,0.0008590091230871622
984,8.441613904324186e-05,0.0008582172755268403
985,8.444603881798684e-05,0.0008575474977988052
986,8.44605694510392e-05,0.000857774143878487
987,8.433904749836075e-05,0.0008582427100918722
988,8.417252215622283e-05,0.0008577684679039521
989,8.422652817898779e-05,0.0008566174288716866
990,8.425743731095281e-05,0.0008566384080040734
991,8.406844217461185e-05,0.0008560531765397173
992,8.424790157732787e-05,0.0008568730394472368
993,8.439277926299837e-05,0.0008562624087062431
994,8.431728415416728e-05,0.0008570941463403869
995,8.442811172244546e-05,0.0008563381939893589
996,8.42183994336665e-05,0.0008554942083719652
997,8.421186739724363e-05,0.000854880148472148
998,8.40254553622799e-05,0.0008550152448151494
999,8.398763816330757e-05,0.0008546759076125454
